Workbook

Sheet Project Guide
A1: IT Operations & Service Desk Analytics
A3: Purpose: Analyze a fictional IT/service desk ticket dataset and monitor operational performance.
A4: Skills demonstrated: Excel, data cleaning, formulas, ticket analysis, SLA monitoring, reporting, Pivot-style summaries, and dashboards.
A5: Key workflow: Review ticket data → clean/validate → monitor SLA → analyze workload → report trends.
A6: Important formulas used: IF, COUNTIF, AVERAGEIF.
A7: Resume title: IT Operations & Service Desk Analytics
A8: Resume bullet 1: Analyzed IT support tickets using Excel to monitor incident status, priority, resolution time, and SLA performance.
A9: Resume bullet 2: Built operational reports and dashboards to identify ticket trends, workload distribution, and SLA breaches.
A10: Note: Dataset is fictional and created for portfolio/learning purposes.

Sheet Ticket Data
A1: Ticket ID | B1: Date | C1: Department | D1: Issue Type | E1: Priority | F1: Status | G1: Assigned Team | H1: Resolution Hours | I1: SLA Hours | J1: SLA Status
A2: T001 | B2: 46242 | C2: IT | D2: Network Issue | E2: High | F2: Open | G2: Network | H2: 7 | I2: 8 | J2: =IF(H2<=I2,"Within SLA","SLA Breached")
A3: T002 | B3: 46237 | C3: IT | D3: Connectivity Issue | E3: High | F3: Open | G3: Network | H3: 17 | I3: 8 | J3: =IF(H3<=I3,"Within SLA","SLA Breached")
A4: T003 | B4: 46251 | C4: Security | D4: Phishing Alert | E4: Critical | F4: Resolved | G4: SOC | H4: 8 | I4: 4 | J4: =IF(H4<=I4,"Within SLA","SLA Breached")
A5: T004 | B5: 46248 | C5: IT | D5: Network Issue | E5: High | F5: Resolved | G5: Network | H5: 18 | I5: 8 | J5: =IF(H5<=I5,"Within SLA","SLA Breached")
A6: T005 | B6: 46259 | C6: Security | D6: Suspicious Login | E6: Medium | F6: Open | G6: SOC | H6: 0 | I6: 16 | J6: =IF(H6<=I6,"Within SLA","SLA Breached")
A7: T006 | B7: 46265 | C7: IT | D7: VPN Issue | E7: Medium | F7: Resolved | G7: Network | H7: 7 | I7: 16 | J7: =IF(H7<=I7,"Within SLA","SLA Breached")
A8: T007 | B8: 46246 | C8: IT | D8: Access Request | E8: Critical | F8: Resolved | G8: IT Support | H8: 28 | I8: 4 | J8: =IF(H8<=I8,"Within SLA","SLA Breached")
A9: T008 | B9: 46247 | C9: IT | D9: Login Issue | E9: Medium | F9: Resolved | G9: IT Support | H9: 30 | I9: 16 | J9: =IF(H9<=I9,"Within SLA","SLA Breached")
A10: T009 | B10: 46262 | C10: IT | D10: VPN Issue | E10: High | F10: Resolved | G10: Network | H10: 29 | I10: 8 | J10: =IF(H10<=I10,"Within SLA","SLA Breached")
A11: T010 | B11: 46242 | C11: IT | D11: VPN Issue | E11: High | F11: Resolved | G11: Network | H11: 22 | I11: 8 | J11: =IF(H11<=I11,"Within SLA","SLA Breached")
A12: T011 | B12: 46243 | C12: IT | D12: Password Reset | E12: Low | F12: In Progress | G12: IT Support | H12: 12 | I12: 24 | J12: =IF(H12<=I12,"Within SLA","SLA Breached")
A13: T012 | B13: 46241 | C13: IT | D13: Connectivity Issue | E13: Low | F13: Resolved | G13: Network | H13: 12 | I13: 24 | J13: =IF(H13<=I13,"Within SLA","SLA Breached")
... A101: T100 | B101: 46239 | C101: Security | D101: Suspicious Login | E101: High | F101: In Progress | G101: SOC | H101: 2 | I101: 8 | J101: =IF(H101<=I101,"Within SLA","SLA Breached")

Sheet Team Reference
A1: Team | B1: Department
A2: IT Support | B2: IT
A3: SOC | B3: Security
A4: Network | B4: IT

Sheet Operations Summary
A1: IT OPERATIONS & SERVICE DESK ANALYTICS
D2: Tickets by Team | G2: Tickets by Priority | J2: SLA Performance
A3: Total Tickets | B3: =COUNTA('Ticket Data'!A2:A101) | D3: IT Support | E3: =COUNTIF('Ticket Data'!G2:G101,D3) | G3: Critical | H3: =COUNTIF('Ticket Data'!E2:E101,G3) | J3: Within SLA | K3: =COUNTIF('Ticket Data'!J2:J101,J3)
A4: Open Tickets | B4: =COUNTIF('Ticket Data'!F2:F101,"Open") | D4: SOC | E4: =COUNTIF('Ticket Data'!G2:G101,D4) | G4: High | H4: =COUNTIF('Ticket Data'!E2:E101,G4) | J4: SLA Breached | K4: =COUNTIF('Ticket Data'!J2:J101,J4)
A5: Resolved Tickets | B5: =COUNTIF('Ticket Data'!F2:F101,"Resolved") | D5: Network | E5: =COUNTIF('Ticket Data'!G2:G101,D5) | G5: Medium | H5: =COUNTIF('Ticket Data'!E2:E101,G5)
A6: SLA Breaches | B6: =COUNTIF('Ticket Data'!J2:J101,"SLA Breached") | G6: Low | H6: =COUNTIF('Ticket Data'!E2:E101,G6)
A7: Critical Tickets | B7: =COUNTIF('Ticket Data'!E2:E101,"Critical")
A8: Average Resolution Hours | B8: =AVERAGEIF('Ticket Data'!F2:F101,"Resolved",'Ticket Data'!H2:H101)
